Question,Option A,Option B,Option C,Réponse
Quelle est la caractéristique principale de l'Assurance Non-Vie?,Investissement significatif,Garantie de capital,Réduction de la volatilité du risque,Réduction de la volatilité du risque
Quel type de contrat est associé à l'Assurance Vie?,Contrat santé,Contrat décès,Contrat 'Euros',Contrat 'Euros'
Quelle est une caractéristique de l'Assurance Prévoyance?,Investissement à long terme,Mutualisation du risque,Protection des biens matériels,Mutualisation du risque
Qu'est-ce qui distingue principalement l'Assurance Vie des autres types d'assurance?,Protection du capital,Réassurance,Produit d'épargne,Produit d'épargne
"Dans l'Assurance Vie, que signifie la 'Provision Mathématique'?",Garantie de capital,Montant de l'épargne assurée,Frais de gestion,Montant de l'épargne assurée
Qu'est-ce que l'Assurance Retraite mutualise?,Risque de marché,Risque de longévité,Risque immobilier,Risque de longévité
Quel est le rôle des provisions dans l'Assurance Non-Vie?,Garantir les investissements,Estimer les paiements futurs pour des sinistres,Assurer la liquidité,Estimer les paiements futurs pour des sinistres
Quel est un exemple de risque mesuré en Assurance?,Risque opérationnel,Risque de change,Risque de crédit,Risque opérationnel
Quelle méthode est souvent utilisée pour la valorisation des options en assurance?,Analyse de scénarios,Méthodes stochastiques,Formule fermée,Méthodes stochastiques
Quel type de taux est généralement utilisé pour actualiser les engagements en Assurance Vie?,Taux de rendement des actifs,Taux sans risque,Taux d'inflation,Taux sans risque
Quelle est la principale fonction d'une Banque de Financement et d'Investissement (BFI)?,Fournir des services bancaires aux particuliers,Offrir des services sophistiqués aux grandes entreprises,Gérer des portefeuilles d'actifs,Offrir des services sophistiqués aux grandes entreprises
Qu'est-ce qu'un swap dans le contexte des marchés financiers?,Un contrat d'assurance pour les investissements,Un contrat dérivé échangeant des flux monétaires,Une option d'achat d'actions à un prix fixé,Un contrat dérivé échangeant des flux monétaires
Quelle est la principale différence entre un Forward et un Future?,Le Forward est plus risqué que le Future,Le Future est négocié sur des marchés organisés,Le Forward offre une plus grande flexibilité de conditions,Le Future est négocié sur des marchés organisés
Quel est le rôle du mark-to-market dans la valorisation d'instruments financiers?,Estimer la valeur basée sur des modèles financiers,Évaluer la valeur sur la base du marché actuel,Calculer la valeur basée sur des performances historiques,Évaluer la valeur sur la base du marché actuel
Qu'est-ce que la duration en finance?,Le délai de paiement d'un prêt,Une mesure de la sensibilité des prix aux taux d'intérêt,Le temps nécessaire pour doubler un investissement,Une mesure de la sensibilité des prix aux taux d'intérêt
Quelle est la fonction principale du Delta dans la gestion des risques des options?,Mesurer la volatilité du sous-jacent,Indiquer le taux de rendement attendu,Montrer la variation de la valeur de l'option par rapport au sous-jacent,Montrer la variation de la valeur de l'option par rapport au sous-jacent
Quel est le principal objectif de la titrisation pour une banque?,Augmenter le volume de crédit disponible,Alléger le bilan de la banque,Accroître la diversification des investissements,Alléger le bilan de la banque
Qu'est-ce qu'un Credit Default Swap (CDS)?,Un contrat d'échange de taux d'intérêt,Une assurance contre le défaut de paiement d'un émetteur,Un contrat pour échanger des devises,Une assurance contre le défaut de paiement d'un émetteur
Quel est l'objectif principal de la gestion d'actifs?,Gérer les liquidités d'une entreprise,Optimiser le portefeuille de fonds des investisseurs,Fournir des prêts aux entreprises,Optimiser le portefeuille de fonds des investisseurs
Qu'est-ce qu'un cap dans le contexte financier?,Un plafond sur le taux d'intérêt d'un prêt,Une limite sur le montant qu'une banque peut prêter,Un plafond sur les frais de transaction,Un plafond sur le taux d'intérêt d'un prêt
Qu'est-ce que l'EURIBOR?,Un taux d'intérêt interbancaire,Un indice boursier,Une monnaie européenne,Un taux d'intérêt interbancaire
Qu'est-ce qu'un swap de taux d'intérêt?,Un contrat d'échange de devises,Un contrat d'assurance,Un contrat d'échange de taux d'intérêt,Un contrat d'échange de taux d'intérêt
Que signifie SOFR dans le contexte des taux d'intérêt?,Secure Overnight Financing Rate,Standard Offer Rate,Sovereign Over Fund Rate,Secure Overnight Financing Rate
Qu'est-ce que le 'Credit Spread'?,Un type de crédit bancaire,La différence de rendement entre deux obligations,Une stratégie de trading,La différence de rendement entre deux obligations
Quel est le rôle de la courbe de taux d'intérêt dans la tarification des instruments financiers?,Déterminer le coût de transaction,Prédire les mouvements du marché,Calculer la valeur actuelle des flux de trésorerie futurs,Calculer la valeur actuelle des flux de trésorerie futurs
Quelle est la convention de calcul la plus courante pour les taux EURIBOR et €STR?,Act/360,Act/365,30/360,Act/360
Qu'est-ce qu'un 'Forward Rate Agreement' (FRA)?,Un accord sur les taux d'intérêt futurs,Un contrat d'échange de monnaie,Un plan de financement à long terme,Un accord sur les taux d'intérêt futurs
Comment le Euribor a-t-il survécu après la crise des taux LIBOR?,En changeant sa méthode de calcul,En augmentant ses taux d'intérêt,En réduisant le nombre de banques participantes,En changeant sa méthode de calcul
Quel est le principal défi associé à l'interpolation des courbes de taux d'intérêt?,La volatilité du marché,Le manque de données de marché,Le biais introduit par la convexité de la fonction exponentielle,Le biais introduit par la convexité de la fonction exponentielle
Quelle est la principale fonction du système bancaire ?,Gestion des risques,Création de monnaie,Investissement en bourse,Création de monnaie
Que signifie l'acronyme 'ALM' en gestion bancaire ?,Asset Liability Management,Automated Liability Monitoring,Advanced Lending Mechanism,Asset Liability Management
Quel est le principal objectif du ratio Cooke ?,Mesurer la liquidité,Contrôler les risques opérationnels,Maintenir un niveau adéquat de fonds propres,Maintenir un niveau adéquat de fonds propres
Quel est le principal risque associé à l'activité de crédit dans une banque ?,Risque de marché,Risque de taux d'intérêt,Risque de non-remboursement,Risque de non-remboursement
Qu'est-ce que la 'titrisation' dans le contexte bancaire ?,Une stratégie d'investissement,La transformation de créances en titres négociables,Un outil de gestion des risques opérationnels,La transformation de créances en titres négociables
Quelle méthode les banques utilisent-elles pour gérer le risque de crédit ?,Hedging,Scoring interne et externe,Trading algorithmique,Scoring interne et externe
Quel est l'objectif principal de la surveillance prudentielle dans le secteur bancaire ?,Augmenter les profits,Surveiller les transactions clients,Prévenir les risques systémiques,Prévenir les risques systémiques
Qu'est-ce que le 'risque systémique' en finance ?,Risque lié à l'utilisation de systèmes informatiques,Risque de défaillance d'une institution financière majeure,Risque lié aux systèmes de paiement,Risque de défaillance d'une institution financière majeure
Quelle est la fonction de l'accord de Bâle II ?,Réguler le marché des changes,Établir des normes internationales de régulation bancaire,Faciliter le commerce international,Établir des normes internationales de régulation bancaire
Quel est le principal défi des banques dans la gestion du risque de liquidité ?,Augmenter les prêts à court terme,Maintenir suffisamment de liquidités pour les retraits,Investir dans des actifs à long terme,Maintenir suffisamment de liquidités pour les retraits
Quelle est la principale conséquence d'un 'bank run' ?,Chute du marché boursier,Augmentation des taux d'intérêt,Pénurie de liquidités dans la banque,Pénurie de liquidités dans la banque
Qu'est-ce qu'une 'dérivée de crédit' dans le secteur bancaire ?,Un produit d'assurance,Un type de crédit renouvelable,Un instrument financier pour transférer le risque de crédit,Un instrument financier pour transférer le risque de crédit
Qu'est-ce que le 'risque de contrepartie' dans le secteur bancaire ?,Risque lié à l'évolution des taux de change,Risque que la contrepartie ne respecte pas ses engagements,Risque lié aux fluctuations des taux d'intérêt,Risque que la contrepartie ne respecte pas ses engagements
Quelle est la principale utilité des 'stress tests' en gestion des risques bancaires ?,Evaluer la rentabilité des investissements,Tester la résistance de la banque à des scénarios de crise,Optimiser les processus de décision interne,Tester la résistance de la banque à des scénarios de crise
Qu'est-ce que le 'ratio de levier' en finance ?,Ratio entre actifs et passifs,Mesure de la capacité d'une banque à répondre à ses obligations,Ratio entre le capital propre et l'exposition totale,Ratio entre le capital propre et l'exposition totale
Quelle est la principale caractéristique du 'risque opérationnel' ?,Risque lié aux décisions d'investissement,"Risque lié aux processus internes, systèmes ou erreurs humaines",Risque associé aux fluctuations du marché,"Risque lié aux processus internes, systèmes ou erreurs humaines"
Quel est le rôle du Comité de Bâle sur le contrôle bancaire ?,Gérer les réserves de devises étrangères,Fournir des lignes directrices pour la gestion des risques bancaires,Réguler les marchés financiers internationaux,Fournir des lignes directrices pour la gestion des risques bancaires
Qu'est-ce que la 'notation de crédit' en finance ?,Méthode de calcul des intérêts,Évaluation du risque de crédit d'un emprunteur,Système de classification des produits financiers,Évaluation du risque de crédit d'un emprunteur
Quelle est la fonction de la Banque centrale européenne (BCE) dans la gestion des risques bancaires ?,Fournir des prêts aux banques commerciales,Surveiller et réguler les banques de la zone euro,Gérer les taux de change de l'euro,Surveiller et réguler les banques de la zone euro
